Payload,Fport
03BB00030000,2
03BB00020000,2
03BB00020000,2
03BC00010000,2
03BC00010000,2
03BC00000000,2
03BD00000000,2
03BD00000000,2
03BD00000000,2
03BD00000000,2
03BD00000000,2
03BD00000000,2
03BD00000000,2
03BD00000000,2
03BD00000000,2
03BD00000000,2
03BD00000000,2
03BD00000000,2
03BD00000000,2
03BD00000000,2
03BD00000000,2
03BD00000000,2
03BD00000000,2
03BD00000000,2
03BD00000000,2
03BD00000000,2
03BD00000000,2
03BD00000000,2
03BD00000000,2
03BD00000000,2
03BD000004D1,2
045A001C04D1,2
04F8003C04D1,2
0596005C04D1,2
0633007C04D1,2
06D1009C04D1,2
076F00BC04E3,2
076F01E004E3,2
076F030504E3,2
076F04290AFC,2
076F054E0AFC,2
076F06730AFC,2
076F07970AFC,2
076907980AFC,2
076307990AFC,2
075E079A0AFC,2
0758079B0AFC,2
0753079C0AFC,2
074D079D0B06,2
0745078F0B06,2
073D07810B06,2
073607730B06,2
072E07650B06,2
072607570B06,2
071E07490B0D,2
071807440B0D,2
071107400B0D,2
070A073C0B0D,2
070407380B0D,2
06FD07340B0D,2
06F7072F0B0D,2
06F1072D0B0D,2
06EA072B0B0D,2
06E407290B0D,2
06DE07270B0D,2
06D807250B0D,2
06D107230B0D,2
06CB07210B0D,2
06C507200B0D,2
06BF071E0B0D,2
06B8071D0B0D,2
06B2071B0B0D,2
06AC07190B0D,2
06A507190B0D,2
069E07180B0D,2
069707180B0D,2
069007170B0D,2
068907170B0D,2
068307160B10,2
067B07140B10,2
067307120B10,2
066B07100B10,2
0663070E0B10,2
065C070C0B10,2
0654070A0B0D,2
065205DE0B0D,2
064F04B30B0D,2
064D03880B0D,2
064B025C04E3,2
0649013104E3,2
064700060000,2
064700060000,2
064700060000,2
064700060000,2
064700060000,2
064700060000,2
064700060000,2
064700060000,2
064700060000,2
064700060000,2
064700060000,2
064700060000,2
064700060000,2
064700060000,2
064700060000,2
064700060000,2
064700060000,2
064700060000,2
064700060000,2
064700060000,2
064700060000,2
064700060000,2
064700060000,2
064700060000,2
064700060000,2
064600080000,2
0646000A0000,2
0646000C04E3,2
0645000E04E3,2
0645001004E3,2
064500120AE3,2
064201850AE3,2
063F02F80AE3,2
063B046B0AE3,2
063805DE0AE3,2
063507510AE3,2
063208C40AE8,2
062C08AE0AE8,2
062608970AE8,2
061F08810AE8,2
0619086A0AE8,2
061308540AE8,2
060D083D0AE0,2
0606081B0AE0,2
060007F90AE0,2
05F907D70AE0,2
05F207B50AE0,2
05EC07930AE0,2
05E507710AD9,2
05DF07670AD9,2
05D9075C0AD9,2
05D307520AD9,2
05CE07470AD9,2
05C8073D0AD9,2
05C207330AD6,2
05BB072D0AD6,2
05B507270AD6,2
05AE07210AD6,2
05A7071C0AD6,2
05A107160AD6,2
059A07100AD6,2
0594070E0AD6,2
058E070C0AD6,2
0589070A0AD6,2
058307080AD6,2
057D07060AD6,2
057707030AD4,2
057107020AD4,2
056A07010AD4,2
056407000AD4,2
055E06FF0AD4,2
055806FE0AD4,2
055106FD0ACC,2
054B071A0ACC,2
054407370ACC,2
053E07540ACC,2
053707700ACC,2
0531078D0ACC,2
052A07AA0AD6,2
0523079C0AD6,2
051D078F0AD6,2
051607810AD6,2
051007730AD6,2
050907660AD6,2
050307580AD6,2
04FE07460AD6,2
04F907340AD6,2
04F507210AD6,2
04F0070F0AD6,2
04EB06FD0AD6,2
04E706EA0AD9,2
04E006EA0AD9,2
04D906E90AD9,2
04D206E90AD9,2
04CB06E80AD9,2
04C406E80AD9,2
04BD06E70AFC,2
04B806E80AFC,2
04B206E80AFC,2
04AC06E90AFC,2
04A706E90AFC,2
04A106EA0AFC,2
049C06EA0AFE,2
049406EA0AFE,2
048D06E90AFE,2
048606E90AFE,2
047F06E80AFE,2
047806E80AFE,2
047106E70AFE,2
046B06E70AFE,2
046506E70AFE,2
045F06E70AFE,2
045906E70AFE,2
045306E70AFE,2
044D06E70AFE,2
044306E90AFE,2
043906EA0AFE,2
042F06EC0AFE,2
042506ED0AFE,2
041B06EF0AFE,2
041106F10AFE,2
040E06F00AFE,2
040C06EF0AFE,2
040906ED0AFE,2
040706EC0AFE,2
040406EB0AFE,2
040206EA0AFE,2
03FB06EA0AFE,2
03F406E90AFE,2
03ED06E90AFE,2
03E706E80AFE,2
03E006E80AFE,2
03D906E70AFE,2
03D105CB0AFE,2
03C904AE0AFE,2
03C103910AFE,2
03BA02750AFE,2
03B201580AFE,2
03AA003B0AF4,2
03AB003204E3,2
03AC002804E3,2
03AE001F04E3,2
03AF001504E3,2
03B0000C04E3,2
03B100030000,2
03B100030000,2
03B100040000,2
03B100040000,2
03B100050000,2
03B100050000,2
03B100060000,2
03B100060000,2
03B100070000,2
03B100070000,2
03B100080000,2
03B100080000,2
03B100090000,2
03B100090000,2
03B1000A0000,2
03B1000A0000,2
03B1000B0000,2
03B1000C0000,2
03B1000C0000,2
03B1000D0000,2
03B1000D0000,2
03B1000E0000,2
03B1000E0000,2
03B1000F0000,2
03B1000F0000,2
03B100100000,2
03B100100000,2
036E06DF0ABD,2
036806FB0ABD,2
036307170ABD,2
035D07330B2E,2
035507310B2E,2
034E072F0B2E,2
0346072E0B2E,2
033E072C0B2E,2
0336072B0B2E,2
032E07290B35,2
032807270B35,2
032107250B35,2
031B07230B35,2
031407210B35,2
030E071F0B35,2
0307071D0B35,2
030007150B35,2
02F8070D0B35,2
02F107050B35,2
02E906FD0B35,2
02E206F50B35,2
02DA06ED0B2E,2
039F05C60B2E,2
0463049F0B2E,2
052803780B2E,2
05ED02510B2E,2
06B1012A0B2E,2
07760003061B,2
07740110061B,2
0771021E0B2E,2
076F032B0B2E,2
076C04390B2E,2
076A05460B2E,2
076706540AA4,2
076206640AA4,2
075D06750AA4,2
075806860AA4,2
075306970AA4,2
074E06A70AA4,2
074906B80AA7,2
074406AD0AA7,2
073E06A20AA7,2
073806970AA7,2
0733068C0AA7,2
072D06810AA7,2
072706760AAC,2
072106780AAC,2
071A067A0AAC,2
0714067C0AAC,2
070D067F0AAC,2
070706810AAC,2
070006830AA9,2
06FA06850AA9,2
06F406880AA9,2
06EE068B0AA9,2
06E8068D0AA9,2
06E206900AA9,2
06DD06920AB8,2
06D806920AB8,2
06D306920AB8,2
06CE06920AB8,2
06CA06920AB8,2
06C506920AB8,2
06C006920AB6,2
06BB06900AB6,2
06B5068D0AB6,2
06AF068B0AB6,2
06A906880AB6,2
06A306850AB6,2
069D06830AB6,2
069706790AB6,2
069106700AB6,2
068B06660AB6,2
0685065D0AB6,2
067F06540AB6,2
0679064A0AB3,2
067406490AB3,2
066F06480AB3,2
066A06470AB3,2
066506460AB3,2
066006450AB3,2
065B06440AB3,2
0655053A0AB3,2
064F04300AB3,2
064A03AB0AB3,2
064402F00AB3,2
063F02360AB3,2
0639017C0AB3,2
063300C10AB3,2
062E00C10AB3,2
062800C10AB3,2
062200C10AB3,2
061D00C10AB3,2
061700C10AB3,2
061100C10AB3,2
060C00C10AB3,2
060600C10AB3,2
060000C10AB3,2
05FB00C10AB3,2
063600030912,2
063501030912,2
063402030912,2
063303040912,2
063204040912,2
063105050912,2
063006050A6D,2
0630084E0857,2
0630076806AC,2
063006E30556,2
063006230445,2
06300579036A,2
0630053102BB,2
06300568022F,2
0630054201BF,2
063004FD0166,2
06300443011E,2
0630049700E5,2
0630048A00B7,2
063003F40092,2
063003BE0075,2
0630038B005D,2
063003FE004B,2
0630042D003C,2
063004050030,2
063003C90026,2
06300412001E,2
063003E20018,2
0630046C0013,2
06300000000F,2
06300000000C,2
06300000000A,2
063000000008,2
063000000006,2
063000000005,2
063000000004,2
063000000003,2
063000000002,2
063000000002,2
063000000001,2
062F0522022D,2
062D05EB03EC,2
062C06A60559,2
062A07520683,2
06290768077D,2
0627083A0828,2
062508B00887,2
0624086B08F3,2
062208400946,2
062108DC0993,2
061F084309BC,2
061E090F09EA,2
061E079A07EE,2
061E07670658,2
061E06420513,2
061E059D040F,2
061E05AE033F,2
061E04F40299,2
061E05040214,2
061E04AB01A9,2
061E04700154,2
061E045A0110,2
061E044100DA,2
061E04B200AE,2
061E0416008B,2
061E047F006F,2
061E03CE0059,2
061E048F0047,2
061E040A0039,2
061E0430002D,2
061E03A20024,2
061E0421001D,2
061E03C30017,2
061D04A70134,2
061C04BE0219,2
061B05B402CA,2
061B045C023B,2
061B051501C9,2
061B04E7016D,2
061B04960124,2
061B03ED00EA,2
061B042800BB,2
061B03F70095,2
061B04720077,2
061B03DD005F,2
061B043D004C,2
061B044A003D,2
061B03C40031,2
061B04430027,2
061B03CE001F,2
061B03880019,2
061B03F40014,2
061B00000010,2
061B0000000C,2
061B0000000A,2
061B00000008,2
061B00000006,2
061B00000005,2
061B00000004,2
061B00000003,2
061B00000002,2
061B00000002,2
061B00000001,2
061B00000001,2
061B00000000,2
061B00000000,2
061B00000000,2
06140746071B,2
061207C707E9,2
06110896086B,2
060F089808CA,2
060D09030920,2
060C08B7098E,2
060A089809A9,2
060908C009E2,2
0609077A07E8,2
060906E30653,2
06090692050F,2
060905DE040C,2
060905AA033D,2
060905430297,2
060905220212,2
0609059601A8,2
060904FB0153,2
0609042F010F,2
0609041600D9,2
0609048200AD,2
060903F6008B,2
06090431006F,2
060903E50059,2
060904020047,2
060903F90038,2
06090399002D,2
060903D00024,2
060903AD001D,2
060903E50017,2
060903FC0012,2
06090000000E,2
06090000000B,2
060900000009,2
060900000007,2
060900000006,2
060900000004,2
060900000003,2
060900000003,2
060900000002,2
060900000002,2
060900000001,2
060900000001,2
060900000001,2
060900000000,2
060900000000,2
060900000000,2
060900000000,2
060900000000,2
060900000000,2
060900000000,2
060900000000,2
060900000000,2
060900000000,2
060900000000,2
060900000000,2
060900000000,2
060900000000,2
060900000000,2
060900000000,2
060900000000,2
060900000000,2
060900000000,2
060900000000,2
060900000000,2
060900000000,2
060900000000,2
060900000000,2
060900000000,2
060900000000,2
060900000000,2
060900000000,2
060900000000,2
060900000000,2
060900000000,2
060900000000,2
060900000000,2
060900000000,2
0607051E0228,2
0606064803D5,2
060406490551,2
06030720065C,2
060107D10786,2
05FF07EE082C,2
05FE080908AC,2
05FC08A50919,2
05FB08F6098E,2
05F908E209D0,2
05F8092D0A0D,2
05F6092D0A71,2
05F60839085A,2
05F6072106AF,2
05F607070558,2
05F606330447,2
05F60615036C,2
05F6053402BC,2
05F604E90230,2
05F604D301C0,2
05F604880166,2
05F604BD011F,2
05F6041D00E5,2
05F6047000B7,2
05F6041F0092,2
05F604100075,2
05F603C7005E,2
05F603F0004B,2
05F60423003C,2
05F604680030,2
05F6045A0026,2
05F603F6001E,2
05F6044C0018,2
05F50442012A,2
05F404DB0208,2
05F3058F02B9,2
05F3050D022E,2
05F3051F01BE,2
05F304940165,2
05F30437011D,2
05F304C600E4,2
05F3045000B6,2
05F3046F0092,2
05F304130075,2
05F30461005D,2
05F30425004A,2
05F3038A003B,2
05F30459002F,2
05F303E30026,2
05F3039B001E,2
05F304230018,2
05F304110013,2
05F30000000F,2
05F30000000C,2
05F30000000A,2
05F300000008,2
05F300000006,2
05F300000005,2
05F300000004,2
05F300000003,2
05F300000002,2
05F300000002,2
05F300000001,2
05F20545022C,2
05F006090418,2
05EF06CF057C,2
05ED07420691,2
05EC07D90744,2
05EA07BC07FA,2
05E907D20859,2
05E7081508EC,2
05E60874096D,2
05E408D909CB,2
05E309470A1F,2
05E108E30A49,2
05E10818083B,2
05E1071B0695,2
05E106BA0544,2
05E106210436,2
05E105D4035F,2
05E105A402B2,2
05E105140228,2
05E1055E01B9,2
05E105170161,2
05E10576011A,2
05E1046B00E2,2
05E1042500B5,2
05E104AF0090,2
05E103EB0073,2
05E10439005C,2
05E10443004A,2
05E1042E003B,2
05E10424002F,2
05E103BB0025,2
05E10417001E,2
05E103E50018,2
05E104AB0013,2
05E10000000F,2
05E10000000C,2
05E100000009,2
05E100000007,2
05E100000006,2
05E100000005,2
05E100000004,2
05E100000003,2
05E100000002,2
05E100000002,2
05E100000001,2
05E100000001,2
05E100000001,2
05E100000000,2
05E100000000,2
05E100000000,2
05E100000000,2
05E100000000,2
05E100000000,2
05E100000000,2
05E100000000,2
05E100000000,2
05E100000000,2
05E100000000,2
05E100000000,2
05E100000000,2
05E100000000,2
05E100000000,2
05E100000000,2
05E100000000,2
05E100000000,2
05E100000000,2
05E100000000,2
05E100000000,2
05E100000000,2
05E100000000,2
05E100000000,2
05E100000000,2
05E100000000,2
05E100000000,2
05E100000000,2
05E100000000,2
05E100000000,2
05E100000000,2
05E100000000,2
05E100000000,2
05E100000000,2
05DF050D0235,2
05DE05FD0414,2
05DC070C0592,2
05DB077D06D2,2
05D907A4077F,2
05D808840836,2
05D6084308A5,2
05D5084C0904,2
05D3089D094A,2
05D2089E09BB,2
05D008C309A3,2
05CF08EB09D4,2
05CF07B407DD,2
05CF06D2064A,2
05CF06D90508,2
05CF06060406,2
05CF060A0338,2
05CF05150293,2
05CF0520020F,2
05CF04EA01A6,2
05CF046E0151,2
05CF049E010E,2
05CF040D00D8,2
05CF04B500AC,2
05CF0482008A,2
05CF047E006E,2
05CF04080058,2
03BB00030000,2
03BB00020000,2
03BB00020000,2
03BC00010000,2
03BC00010000,2
03BC00000000,2
03BD00000000,2
03BD00000000,2
03BD00000000,2
03BD00000000,2
03BD00000000,2
03BD00000000,2
03BD00000000,2
03BD00000000,2
03BD00000000,2
03BD00000000,2
03BD00000000,2
03BD00000000,2
03BD00000000,2
03BD00000000,2
03BD00000000,2
03BD00000000,2
03BD00000000,2
03BD00000000,2
03BD00000000,2
03BD00000000,2
03BD00000000,2
03BD00000000,2
03BD00000000,2
03BD00000000,2
03BD000004D1,2
045A001C04D1,2
04F8003C04D1,2
0596005C04D1,2
0633007C04D1,2
06D1009C04D1,2
076F00BC04E3,2
076F01E004E3,2
076F030504E3,2
076F04290AFC,2
076F054E0AFC,2
076F06730AFC,2
076F07970AFC,2
076907980AFC,2
076307990AFC,2
075E079A0AFC,2
0758079B0AFC,2
0753079C0AFC,2
074D079D0B06,2
0745078F0B06,2
073D07810B06,2
073607730B06,2
072E07650B06,2
072607570B06,2
071E07490B0D,2
071807440B0D,2
071107400B0D,2
070A073C0B0D,2
070407380B0D,2
06FD07340B0D,2
06F7072F0B0D,2
06F1072D0B0D,2
06EA072B0B0D,2
06E407290B0D,2
06DE07270B0D,2
06D807250B0D,2
06D107230B0D,2
06CB07210B0D,2
06C507200B0D,2
06BF071E0B0D,2
06B8071D0B0D,2
06B2071B0B0D,2
06AC07190B0D,2
06A507190B0D,2
069E07180B0D,2
069707180B0D,2
069007170B0D,2
068907170B0D,2
068307160B10,2
067B07140B10,2
067307120B10,2
066B07100B10,2
0663070E0B10,2
065D070F0B10,2
0656070E0B11,2
064F070D0B11,2
0648070C0B11,2
0641070A0B12,2
063907090B12,2
063207080B12,2
062B07070B13,2
062407060B13,2
061D07050B13,2
061507040B14,2
060E07030B14,2
060707020B15,2
060007010B15,2
05F807000B15,2
05F106FE0B16,2
05EA06FD0B16,2
05E306FC0B16,2
05DC06FB0B17,2
05D406FA0B17,2
05CD06F90B17,2
05C606F80B18,2
05BF06F70B18,2
05B900000000,2
05B900000000,2
05B900000000,2
05B900000000,2
05B900000000,2
05B900000000,2
05B900000000,2
05B900000000,2
05B900000000,2
05B900000000,2
05B900000000,2
05B800000000,2
05B600000000,2
05B500000000,2
05B300000000,2
05B200000000,2
05B000000000,2
05AF00000000,2
05AD00000000,2
05AB00000000,2
05AA00000000,2
05A800000000,2
05A700000000,2
05A700000000,2
05A700000000,2
05A706580000,2
05A706050000,2
05A705590000,2
05A705960294,2
05A705250210,2
05A7051E01A6,2
05A7049D0152,2
05A704E1010E,2
05A7047400D8,2
05A704E400AD,2
05A70416008A,2
05A703FA006E,2
05A703F70058,2
05A704840046,2
05A7040E0038,2
05A7043C002D,2
05A704620024,2
05A70423001D,2
05A704530017,2
05A604B3012F,2
05A504C40201,2
05A404B102AF,2
05A4054C0226,2
05A404DF01B8,2
05A405530160,2
05A4046A0119,2
05A4040100E1,2
05A4045D00B4,2
05A4042B0090,2
05A404640073,2
05A403ED005C,2
05A404170049,2
05A403CD003B,2
05A40422002F,2
05A404610025,2
05A40413001E,2
05A404060018,2
05A403C30013,2
05A40000000F,2
05A40000000C,2
05A400000009,2
05A400000007,2
05A400000006,2
05A400000005,2
05A400000004,2
05A400000003,2
05A400000002,2
05A400000002,2
05A400000001,2
05A30528020C,2
05A1062003E9,2
05A0065A051E,2
059E06D1061F,2
059D08030728,2
059B07E207F5,2
059A08030881,2
059808E208FE,2
059708EB093E,2
059508A20965,2
059408BB09B7,2
059208D609F7,2
059207C807F9,2
059206E70660,2
059206C2051A,2
059206540415,2
0592062D0344,2
0592054C029C,2
059205550217,2
059204C801AC,2
059204D30156,2
059204330111,2
059204B400DB,2
0592042A00AF,2
05920439008C,2
059203E40070,2
059204510059,2
059203E00047,2
059204030039,2
0592039F002D,2
059204230024,2
059203F6001D,2
059204260017,2
059204230012,2
05920000000F,2
05920000000C,2
059200000009,2
059200000007,2
059200000006,2
059200000004,2
059200000003,2
059200000003,2
059200000002,2
059200000002,2
059200000001,2
059200000001,2
059200000001,2
059200000000,2
059200000000,2
059200000000,2
059200000000,2
059200000000,2
059200000000,2
059200000000,2
059200000000,2
059200000000,2
059200000000,2
059200000000,2
059200000000,2
059200000000,2
059200000000,2
059200000000,2
059200000000,2
059200000000,2
059200000000,2
059200000000,2
059200000000,2
059200000000,2
059200000000,2
059200000000,2
059200000000,2
059200000000,2
059200000000,2
059200000000,2
059200000000,2
059200000000,2
059200000000,2
059200000000,2
059200000000,2
059200000000,2
059200000000,2
0591054B0223,2
058F05A203D3,2
058D0704055A,2
058C07930669,2
058B07E50754,2
0589086B07E8,2
058708AF087C,2
0586088108DB,2
058409210961,2
0583094B099E,2
058108C709E1,2
0580090F0A07,2
058007D90805,2
058006C8066B,2
058006660522,2
05800612041B,2
0580055E0349,2
0580051F02A0,2
058004AC021A,2
058004DE01AE,2
058004B50158,2
058004ED0113,2
0580046700DC,2
0580045800B0,2
05800498008D,2
058004260070,2
0580044B005A,2
058004220048,2
058004840039,2
05800402002E,2
0580043B0024,2
058003DC001D,2
058003E80017,2
057F0406012F,2
057E047A0207,2
057D051602A7,2
057D04ED021F,2
057D051A01B3,2
057D049A015C,2
057D04950116,2
057D049700DE,2
057D046E00B2,2
057D043E008E,2
057D04000072,2
057D046A005B,2
057D041C0048,2
057D0406003A,2
057D041D002E,2
057D047C0025,2
057D044D001D,2
057D04540017,2
057D04650013,2
057D0000000F,2
057D0000000C,2
057D00000009,2
057D00000007,2
057C00000006,2
057C00000005,2
057C00000004,2
057C00000003,2
057C00000002,2
057C00000002,2
057C00000001,2
057C05100212,2
057C057503CD,2
05670660053D,2
0558064A0641,2
0555072F071F,2
05540800080D,2
050A08280878,2
05110853090C,2
04FF09100954,2
04EC09A50993,2
04D9090D09BD,2
04C6088709DB,2
04B307D80AE1,2
04A006C40AE3,2
048E06350AF1,2
047B06790B02,2
0468056A0B3E,2
045505580B5D,2
044204A30B84,2
042F04B20BAA,2
041D046F0BD1,2
040A04330BF7,2
03F704740C1E,2
03E403EB0C44,2
03D103CF0C6B,2
03BE043A0C91,2
03AC03F70CB8,2
039904870CDE,2
0386041C0D05,2
037304360D2B,2
036004270D52,2
034D04880D78,2
033B04020D9F,2
032804540012,2
03280000000E,2
03280000000B,2
032800000009,2
032800000007,2
032800000006,2
032800000004,2
032800000003,2
032800000003,2
032800000002,2
032800000001,2
032800000001,2
032800000001,2
032800000001,2
032800000000,2
07CE00000000,2
07CE00000000,2
07CE00000000,2
07CE00000000,2
07CE00000000,2
07CE00000000,2
07CE00000000,2
07CE00000000,2
07CE00000000,2
07CE00000000,2
07CE00000000,2
07CE00000000,2
07CE00000000,2
07CE00000000,2
07CE00000000,2
07CE00000000,2
07CE00000000,2
07CE00000000,2
07CE00000000,2
07CE00000000,2
07CE00000000,2
07CE00000000,2
07CE00000000,2
07CE00000000,2
07CE00000000,2
07CE00000000,2
07CE00000000,2
07CE00000000,2
07CE00000000,2
07CE00000000,2
07CE00000000,2
07CE00000000,2
07CE00000000,2
07CE00000000,2
07CE00000000,2
07CE00000000,2
07CE00000000,2
07CE00000000,2
07CE00000000,2
07CE00000000,2
07CE00000000,2
07CE00000000,2
07CE00000000,2
07CE00000000,2
07CE00000000,2
07CE00000000,2
07CE00000000,2
07CE00000000,2
07CE00000000,2
07CE00000000,2
07CE00000000,2
07CE00000000,2
07CE00000000,2
07CE00000000,2
07CE00000000,2
07CE00000000,2
07CE00000000,2
07CE00000000,2
07CE00000000,2
07CE00000000,2
07CE00000000,2
07CE00000000,2
07CE00000000,2
07CE00000000,2
07CE00000000,2
07CE00000000,2
07CE00000000,2
07CE00000000,2
07CE00000000,2
07CE00000000,2
07CE00000000,2
07CE00000000,2
07CE00000000,2
07CE00000000,2
07CE00000000,2
07CE00000000,2
07CE00000000,2
07CE00000000,2
07CE00000000,2
07CE00000000,2
07CE00000000,2
07CE00000000,2
07CE00000000,2
07CE00000000,2
07CE00000000,2
07CE00000000,2
07CE00000000,2
07CE00000000,2
07CE00000000,2
07CE00000000,2
07CE00000000,2
07CE00000000,2
07CE00000000,2
07CE00000000,2
07CE00000000,2
07CE00000000,2
07CE00000000,2
07CE00000000,2
07CE00000000,2
07CE00000000,2
07CE00000000,2
07CE00000000,2
07CE00000000,2
07CE00000000,2
07CE00000000,2
07CE00000000,2
07CE00000000,2
07CE00000000,2
07CE00000000,2
07CE00000000,2
07CE00000000,2
07CE00000000,2
07CE00000000,2
07CE00000000,2
07CE00000000,2
07CE00000000,2
07CE00000000,2
07CE00000000,2
07CE00000000,2
07CE00000000,2
07CE00000000,2
07CE00000000,2
07CE00000000,2
07CE00000000,2
07CE00000000,2
07CE00000000,2
07CE00000000,2
07CE00000000,2
07CE00000000,2
07CE00000000,2
07CE00000000,2
07CE00000000,2
07CE00000000,2
07CE00000000,2
07CE00000000,2
07CE00000000,2
07CE00000000,2
07CE00000000,2
07CE00000000,2
07CE00000000,2
07CE00000000,2
07CE00000000,2
07CE00000000,2
07CE00000000,2
07CE00000000,2
07CE00000000,2
07CE00000000,2
07CE00000000,2
07CE00000000,2
07CE00000000,2
07CE00000000,2
07CE00000000,2
07CE00000000,2
07CE00000000,2
07CE00000000,2
07CE00000000,2
07CE00000000,2
07CE00000000,2
07CE00000000,2
07CE00000000,2
07CE00000000,2
07CE00000000,2
07CE00000000,2
07CE00000000,2
07CE00000000,2
07CE00000000,2
07CE00000000,2
07CE00000000,2
07CE00000000,2
07CE00000000,2
07CE00000000,2
07CE00000000,2
07CE00000000,2
07CE00000000,2
07CE00000000,2
07CE00000000,2
07CE00000000,2
07CE00000000,2
07CE00000000,2
07CE00000000,2
07CE00000000,2
07CE00000000,2
07CE00000000,2
07CE00000000,2
07CE00000000,2
07CE00000000,2
07CE00000000,2
07CE00000000,2
07CE00000000,2
07CE00000000,2
07CE00000000,2
07CE00000000,2
07CE00000000,2
07CE00000000,2
07CE00000000,2
07CE00000000,2
07CE00000000,2
07CE00000000,2
07CE05110230,2
07C305C503DB,2
07BE066B056F,2
07B507260679,2
07AC07720735,2
07A4081307CA,2
079C082E087E,2
079308F208DB,2
078B095B092D,2
0783090A0966,2
077A08B809D0,2
077209190A0C,2
076A085D091A,2
0761082C085D,2
075907AC07C3,2
075107F10636,2
074906B604F8,2
074905C203F9,2
07490617032E,2
0749057D028B,2
074904B50209,2
0749046F01A0,2
0749047F014D,2
074904EB010A,2
0749048600D5,2
074904B700AA,2
074904550088,2
074903F1006D,2
0749043B0057,2
0749040B0045,2
074904290037,2
074903BC002C,2
074903A40023,2
074903ED001C,2
074904080016,2
074903C00012,2
07490000000E,2
07490000000B,2
074900000009,2
074905460232,2
074905E403F7,2
074906660552,2
07490720066F,2
074407450763,2
074208410808,2
073B07D208B8,2
073808A60901,2
073308E1094F,2
072F07A20773,2
072B06CE05F5,2
0726064D04C4,2
072205CD03D0,2
071E054E030D,2
071905660270,2
0715051B01F3,2
07110502018F,2
071104C6013F,2
0711046900FF,2
0711040F00CC,2
0711042A00A3,2
071104310083,2
071104460068,2
071104050053,2
071104820043,2
0711039A0035,2
071103BB002A,2
071103ED0022,2
07110435001B,2
071103AF0015,2
071103B70011,2
07110000000E,2
07110000000B,2
071100000009,2
071100000007,2
071100000005,2
071100000004,2
071100000003,2
071100000002,2
071100000002,2
071100000001,2
071100000001,2
071100000001,2
071100000000,2
071100000000,2
071100000000,2
071100000000,2
071100000000,2
071100000000,2
071100000000,2
071100000000,2
071100000000,2
071100000000,2
071100000000,2
071100000000,2
071100000000,2
071100000000,2
071100000000,2
071100000000,2
071100000000,2
071100000000,2
071100000000,2
071100000000,2
071100000000,2
071100000000,2
071100000000,2
071100000000,2
071100000000,2
071100000000,2
071100000000,2
071100000000,2
071100000000,2
071100000000,2
071100000000,2
071100000000,2
071100000000,2
071100000000,2
071100000000,2
071100000000,2
071100000000,2
071100000000,2
071100000000,2
071100000000,2
071100000000,2
06EA04F80240,2
06DF058F03ED,2
06D906890534,2
06C007810694,2
06AE082B0801,2
069D07DA08C0,2
068B07D409EB,2
067908BE0ACE,2
066708FA0BC4,2
065508A10CB9,2
064409100DAE,2
063208B00EA3,2
0620082D0B65,2
060E06F40827,2
05FC066A04E8,2
05EB06C7042A,2
05D905C30355,2
05D9050502AA,2
05D904F00222,2
05D9048201B4,2
05D9044D015D,2
05D904910117,2
05D9049400DF,2
05D9047400B2,2
05D9046F008F,2
05D9044E0072,2
05D90524005B,2
05D9046B0049,2
05D90438003A,2
05D903F8002E,2
05D904010025,2
05D903C1001E,2
05D9039F0018,2
05D9047B0137,2
05D90474021C,2
05D9052B02BE,2
05D905630231,2
05D9053201C1,2
05D904850167,2
05D9052C011F,2
05D904B700E6,2
05D904B600B8,2
05D904B30093,2
05D9046E0075,2
05D9041E005E,2
05D903BF004B,2
05D90442003C,2
05D903E10030,2
05D9036F0026,2
05D9049A001E,2
05D903FB0018,2
05D904A30013,2
05D90000000F,2
05D90000000C,2
05D90000000A,2
05D900000008,2
05D900000006,2
05D900000005,2
05D900000004,2
05D900000003,2
05D900000002,2
05D900000002,2
05D900000001,2
05D205400211,2
05CA05BD03CD,2
05C306BD0522,2
05BB06DE0645,2
05B407DE0731,2
05AD080707B5,2
05A5082B082E,2
059E084F08A7,2
059E08860903,2
059E0876095A,2
059E097C09B1,2
059E08EB09DC,2
059E079707E3,2
059E06FE064F,2
059E0650050C,2
059E063D0409,2
059E05A5033B,2
059E05220295,2
059E054D0211,2
059E053801A7,2
059E052E0152,2
059E04A2010F,2
059E047F00D8,2
059E046800AD,2
059E0429008A,2
059E03CD006F,2
059E04570058,2
059E04230047,2
059E03E30038,2
059E03D9002D,2
059E045E0024,2
059E0407001D,2
059E045B0017,2
059E03C70012,2
059E0000000E,2
059E0000000B,2
059E00000009,2
059E00000007,2
059E00000006,2
059E00000004,2
059E00000003,2
059E00000003,2
059E00030000,2
059E00020000,2
059E00020000,2
059E00010000,2
059E00010000,2
059E00000000,2
059E00000000,2
059E00000000,2
059E00000000,2
059E00000000,2
059E00000000,2
059E00000000,2
059E00000000,2
059E00000000,2
059E00000000,2
059E00000000,2
059E00000000,2
059E00000000,2
059E00000000,2
059E00000000,2
059E00000000,2
059E00000000,2
059E00000000,2
059E00000000,2
059E00000000,2
059E00000000,2
059E00000000,2
059E00000000,2
059E00000000,2
059E00000000,2
059E000004D1,2
059E001C04D1,2
04F8003C04D1,2
0596005C04D1,2
0633007C04D1,2
06D1009C04D1,2
076F00BC04E3,2
076F01E004E3,2
076F030504E3,2
076F04290AFC,2
076F054E0AFC,2
076F06730AFC,2
076F07970AFC,2
076907980AFC,2
076307990AFC,2
075E079A0AFC,2
0758079B0AFC,2
0753079C0AFC,2
074D079D0B06,2
0745078F0B06,2
073D07810B06,2
073607730B06,2
072E07650B06,2
072607570B06,2
071E07490B0D,2
071807440B0D,2
071107400B0D,2
070A073C0B0D,2
070407380B0D,2
06FD07340B0D,2
06F7072F0B0D,2
06F1072D0B0D,2
06EA072B0B0D,2
06E407290B0D,2
06DE07270B0D,2
06D807250B0D,2
06D107230B0D,2
06CB07210B0D,2
06C507200B0D,2
06BF071E0B0D,2
06B8071D0B0D,2
06B2071B0B0D,2
06AC07190B0D,2
06A507190B0D,2
069E07180B0D,2
069707180B0D,2
069007170B0D,2
068907170B0D,2
068307160B10,2
067B07140B10,2
067307120B10,2
066B07100B10,2
0663070E0B10,2
065C070C0B10,2
0654070A0B0D,2
065205DE0B0D,2
064F04B30B0D,2
064D03880B0D,2
064B025C04E3,2
0649013104E3,2
064700060000,2
064700060000,2
064700060000,2
064700060000,2
055300000007,2
055300000006,2
055300000004,2
055300000003,2
055300000003,2
055300000002,2
055300000002,2
055300000001,2
05530554021E,2
054A062303D3,2
053C0727053D,2
053107660667,2
052607D1074D,2
051A087907FE,2
050F08A40891,2
050408CF0905,2
04F8089A0947,2
04ED08DD098A,2
04E108A909A8,2
04D6090209FD,2
04CA081807FD,2
04BF06C30664,2
04B4066A051D,2
04A8065B0417,2
049D05740346,2
049D0543029E,2
049D04E10218,2
049D04AC01AD,2
049D04880157,2
049D04780112,2
049D047C00DB,2
049D048E00AF,2
049D03C3008C,2
049D03EF0070,2
049D042D0059,2
049D03FA0047,2
051B045B0039,2
051B048E002E,2
051B044C0024,2
051B0419001D,2
051B04650017,2
051B03980012,2
051B0000000F,2
051B0000000C,2
051B00000009,2
051B00000007,2
051B00000006,2
051B00000004,2
051B00000003,2
051B00000003,2
051B00000002,2
051B00000002,2
051B00000001,2
051B00000001,2
051B00000001,2
051B00000000,2
051B00000000,2
051B00000000,2
051B00000000,2
051B00000000,2
051B00000000,2
051B00000000,2
051B00000000,2
051B00000000,2
051B00000000,2
051B00000000,2
051B00000000,2
051B00000000,2
051B00000000,2
051B00000000,2
051B00000000,2
051B00000000,2
051B00000000,2
051B00000000,2
051B00000000,2
051B00000000,2
051B00000000,2
051B00000000,2
051B00000000,2
051B00000000,2
051B00000000,2
051B00000000,2
051B00000000,2
051B00000000,2
051B00000000,2
051B00000000,2
051B00000000,2
051B00000000,2
051B00000000,2
04F804FA020B,2
04F605E103DC,2
04F506910535,2
04F307730652,2
04F207BB073F,2
04F008420804,2
04EF086B0878,2
04ED089D0909,2
04EC08950957,2
04EA094D09C1,2
04E908EB0A02,2
04E709760A53,2
04E7080B0842,2
04E70717069B,2
04E706870549,2
04E70646043A,2
04E705910362,2
04E7052802B4,2
04E70526022A,2
04E704E501BB,2
04E7050F0162,2
04E70492011B,2
04E7046100E3,2
04E7042500B5,2
04E704B20091,2
04E704230074,2
04E703F8005D,2
04E70467004A,2
04E70352003B,2
04E70424002F,2
04E704280026,2
04E7047D001E,2
04E703EE0018,2
04E603F6012B,2
04E504EA0201,2
04E5057C02B6,2
04E5053F022B,2
04E5049D01BC,2
04E504510163,2
04E504AA011C,2
04E504C900E3,2
04E5041900B6,2
04E5046F0091,2
04E504530074,2
04E50427005D,2
04E50452004A,2
04E5042B003B,2
04E50412002F,2
04E504290026,2
04E503A7001E,2
04E504200018,2
04E503C00013,2
04E50000000F,2
04E50000000C,2
04E50000000A,2
04E500000008,2
04E500000006,2
04E500000005,2
04E500000004,2
04E500000003,2
04E500000002,2
04E500000002,2
04E500000001,2
04E305710223,2
04E105920393,2
04E00652053F,2
04DE06990676,2
04DD077E0744,2
04DB07FE07F3,2
04DA083D087F,2
04D809160940,2
04D7094A099C,2
04D508C509E3,2
04D409410A33,2
04D208C40A67,2
04D208800852,2
04D207D106A8,2
04D206570553,2
04D206100443,2
04D2058E0368,2
04D2056002BA,2
04D2050E022E,2
04D204D401BE,2
04D204AF0165,2
04D20484011E,2
04D2042400E4,2
04D2045E00B7,2
04D2040E0092,2
04D204400075,2
04D20409005D,2
04D203F5004A,2
04D20464003B,2
04D20442002F,2
04D204450026,2
04D2043A001E,2
04D2045D0018,2
04D204A00013,2
04D20000000F,2
04D20000000C,2
04D20000000A,2
04D200000008,2
04D200000006,2
04D200000005,2
04D200000004,2
04D200000003,2
04D200000002,2
04D200000002,2
04D200000001,2
04D200000001,2
04D200000001,2
04D200000000,2
04D200000000,2
04D200000000,2
04D200000000,2
04D200000000,2
04D200000000,2
04D200000000,2
04D200000000,2
04D200000000,2
04D200000000,2
04D200000000,2
04D200000000,2
04D200000000,2
04D200000000,2
04D200000000,2
04D200000000,2
04D200000000,2
04D200000000,2
04D200000000,2
04D200000000,2
04D200000000,2
04D200000000,2
04D200000000,2
04D200000000,2
04D200000000,2
04D200000000,2
04D200000000,2
04D200030000,2
04D200020000,2
04D200020000,2
04D200010000,2
04D200010000,2
04D200000000,2
04D200000000,2
04D200000000,2
04D200000000,2
04D200000000,2
04D200000000,2
04D200000000,2
04D200000000,2
04D200000000,2
04D200000000,2
04D200000000,2
04D200000000,2
04D200000000,2
04D200000000,2
04D200000000,2
04D200000000,2
04D200000000,2
04D200000000,2
04D200000000,2
04D200000000,2
04D200000000,2
04D200000000,2
04D200000000,2
04D200000000,2
04D200000000,2
04D2000004D1,2
04D2001C04D1,2
04D2003C04D1,2
04CF005C04D1,2
04CF007C04D1,2
04CF009C04D1,2
04CF00BC04E3,2
04CF01E004E3,2
076F030504E3,2
076F04290AFC,2
076F054E0AFC,2
076F06730AFC,2
076F07970AFC,2
076907980AFC,2
076307990AFC,2
075E079A0AFC,2
0758079B0AFC,2
0753079C0AFC,2
074D079D0B06,2
0745078F0B06,2
073D07810B06,2
073607730B06,2
072E07650B06,2
072607570B06,2
071E07490B0D,2
071807440B0D,2
071107400B0D,2
070A073C0B0D,2
070407380B0D,2
06FD07340B0D,2
06F7072F0B0D,2
06F1072D0B0D,2
06EA072B0B0D,2
06E407290B0D,2
06DE07270B0D,2
06D807250B0D,2
06D107230B0D,2
06CB07210B0D,2
06C507200B0D,2
06BF071E0B0D,2
06B8071D0B0D,2
06B2071B0B0D,2
06AC07190B0D,2
06A507190B0D,2
069E07180B0D,2
069707180B0D,2
069007170B0D,2
068907170B0D,2
068307160B10,2
067B07140B10,2
067307120B10,2
066B07100B10,2
0663070E0B10,2
065C070C0B10,2
0654070A0B0D,2
065205DE0B0D,2
064F04B30B0D,2
064D03880B0D,2
064B025C04E3,2
0649013104E3,2
064700060000,2
064700060000,2
064700060000,2
064700060000,2
064700060000,2
064700060000,2
064700060000,2
064700060000,2
064700060000,2
064700060000,2
064700060000,2
064700060000,2
064700060000,2
064700060000,2
064700060000,2
064700060000,2
064700060000,2
064700060000,2
064700060000,2
064700060000,2
064700060000,2
064700060000,2
064700060000,2
064700060000,2
064700060000,2
064600080000,2
0646000A0000,2
0646000C04E3,2
0645000C04E3,2
0645000C04E3,2
0645000C0AE3,2
0642000C0AE3,2
063F000C0AE3,2
063B000C0AE3,2
0638000C0AE3,2
0635000C0AE3,2
0632000C0AE8,2
062C000C0AE8,2
0626000C0AE8,2
061F000C0AE8,2
0619000C0AE8,2
0613000C0AE8,2
060D000C0AE0,2
0606000C0AE0,2
0600000C0AE0,2
05F9000C0AE0,2
05F2000C0AE0,2
05EC000C0AE0,2
05E5000C0AD9,2
05DF000C0AD9,2
05D9000C0AD9,2
05D3000C0AD9,2
05CE000C0AD9,2
05C8000C0AD9,2
05C2000C0AD6,2
05BB000C0AD6,2
05B5000C0AD6,2
05AE000C0AD6,2
05A7000C0AD6,2
05A1000C0AD6,2
059A000C0AD6,2
0594000C0AD6,2
058E000C0AD6,2
0589000C0AD6,2
0583000C0AD6,2
057D000C0AD6,2
0577000C0AD4,2
0571000C0AD4,2
056A000C0AD4,2
0564000C0AD4,2
055E000C0AD4,2
0558000C0AD4,2
0551000C0ACC,2
054B000C0ACC,2
0544000C0ACC,2
053E000C0ACC,2
0537000C0ACC,2
0531000C0ACC,2
052A000C0AD6,2
0523000C0AD6,2
051D000C0AD6,2
0516000C0AD6,2
0510000C0AD6,2
0509000C0AD6,2
0503000C0AD6,2
04FE000C0AD6,2
04F9000C0AD6,2
04F5000C0AD6,2
04F0000C0AD6,2
04EB000C0AD6,2
04E7000C0AD9,2
04E0000C0AD9,2
04D9000C0AD9,2
04D2000C0AD9,2
04CB000C0AD9,2
04C4000C0AD9,2
04BD000C0AFC,2
04B8000C0AFC,2
04B2000C0AFC,2
04AC000C0AFC,2
04A7000C0AFC,2
04A1000C0AFC,2
049C000C0AFE,2
0494000C0AFE,2
048D000C0AFE,2
0486000C0AFE,2
047F000C0AFE,2
0478000C0AFE,2
0471000C0AFE,2
046B000C0AFE,2
0465000C0AFE,2
045F000C0AFE,2
0459000C0AFE,2
0453000C0AFE,2
044D000C0AFE,2
0443000C0AFE,2
0439000C0AFE,2
042F000C0AFE,2
0425000C0AFE,2
041B000C0AFE,2
0411000C0AFE,2
040E000C0AFE,2
040C000C0AFE,2
0409000C0AFE,2
0407000C0AFE,2
0404000C0AFE,2
0402000C0AFE,2
03FB000C0AFE,2
03F4000C0AFE,2
03ED000C0AFE,2
03E7000C0AFE,2
03E0000C0AFE,2
03D9000C0AFE,2
03D1000C0AFE,2
03C9000C0AFE,2
03C1000C0AFE,2
03BA02750AFE,2
03B201580AFE,2
03AA003B0AF4,2
03AB003204E3,2
03AC002804E3,2
03AE001F04E3,2
03AF001504E3,2
03B0000C04E3,2
03B100030000,2
03B100030000,2
03B100040000,2
03B100040000,2
03B100050000,2
05B70158006D,2
05B701580057,2
05B701580046,2
05B701580038,2
05B70275002C,2
05B702750023,2
05B70032001C,2
05B700320017,2
05B700320012,2
05B70000000E,2
05B70000000B,2
05B700000009,2
05B700000007,2
05B700000006,2
05B700000004,2
05B700000003,2
05B700000003,2
05B700000002,2
05B700000001,2
05B700000001,2
05B700000001,2
05B700000001,2
05B700000000,2
05B700000000,2
05B700000000,2
05B700000000,2
05B700000000,2
05B700000000,2
05B700000000,2
05B700000000,2
05B700000000,2
05B700000000,2
05B700000000,2
05B700000000,2
05B700000000,2
05B700000000,2
05B700000000,2
05B700000000,2
05B700000000,2
05B700000000,2
05B700000000,2
05B700000000,2
05B700000000,2
05B700000000,2
05B700000000,2
05B700000000,2
05B700000000,2
05B700000000,2
05B700000000,2
05B700000000,2
05B700000000,2
05B700000000,2
05B700000000,2
05B700000000,2
05B700000000,2
05B700000000,2
05B700000000,2
05B700000000,2
05B700000000,2
05B700000000,2
05B700000000,2
05B700000000,2
05B700000000,2
05B700000000,2
05B700000000,2
05B700000000,2
05B700000000,2
05B700000000,2
05B700000000,2
05B700000000,2
05B700000000,2
05B700000000,2
05B700000000,2
05B700000000,2
05B700000000,2
05B700000000,2
05B700000000,2
05B504B50214,2
05B405B603E8,2
05B206990576,2
05B107120661,2
05AF072B074B,2
05AE07680808,2
05AC083F0898,2
05AB08A40969,2
05A908E7099B,2
05A8090809E7,2
05A609400A1D,2
05A4096D0A4D,2
05A40858094D,2
05A3082C0889,2
05A2080E07F5,2
05A206ED065D,2
05A206520517,2
05A205900413,2
05A205940342,2
05A20562029B,2
05A2051B0216,2
05A2053801AB,2
05A204D60155,2
05A204590111,2
05A204A500DA,2
05A2048400AE,2
05A20461008B,2
05A203FF006F,2
05A204C10059,2
05A203950047,2
05A204590039,2
05A203A7002D,2
05A204010024,2
05A2035F001D,2
05A2041F0017,2
05A203B20012,2
05A20000000F,2
05A20000000C,2
05A200000009,2
05A00545023E,2
059F05FC03F7,2
059D0683054E,2
059C07900657,2
059A074C0743,2
0598086D07FF,2
059708BF088C,2
059508B00900,2
05940921095C,2
05940841077D,2
0594068505FD,2
059406A504CB,2
059406A703D5,2
0594057E0311,2
059405090274,2
0594057401F6,2
059404CA0192,2
059404C60141,2
059404F00101,2
059404B400CD,2
0594046400A4,2
059404BF0083,2
059403F20069,2
059403FF0054,2
0594046C0043,2
059404AD0035,2
05940441002B,2
059404430022,2
05940400001B,2
059403B70016,2
0594039C0011,2
05940000000E,2
05940000000B,2
059400000009,2
059400000007,2
059400000005,2
059400000004,2
059400000003,2
059400000002,2
059400000002,2
059400000001,2
059400000001,2
059400000001,2
059400000000,2
059400000000,2
059400000000,2
059400000000,2
059400000000,2
059400000000,2
059400000000,2
059400000000,2
059400000000,2
059400000000,2
059400000000,2
059400000000,2
059400000000,2
059400000000,2
059400000000,2
059400000000,2
059400000000,2
059400000000,2
059400000000,2
059400000000,2
059400000000,2
059400000000,2
059400000000,2
059400000000,2
059400000000,2
059400000000,2
059400000000,2
059400000000,2
059400000000,2
059400000000,2
059400000000,2
059400000000,2
059400000000,2
059400000000,2
059400000000,2
059400000000,2
059400000000,2
059400000000,2
059400000000,2
059400000000,2
059400000000,2
059400000000,2
059400000000,2
059400000000,2
059400000000,2
059400000000,2
059400000000,2
059400000000,2
059400000000,2
059400000000,2
059400000000,2
059400000000,2
059400000000,2
059400000000,2
059400000000,2
059400000000,2
059400000000,2
059400000000,2
059400000000,2
059400000000,2
059400000000,2
059400000000,2
0592056801FA,2
0591061F0409,2
058F06C60568,2
058E07600687,2
058C078D0746,2
058B07E607E4,2
05890899086D,2
0588088608D9,2
05860882093F,2
0585090A09C4,2
058309060A1F,2
058209420A75,2
058108C9097B,2
058008EE08BF,2
057F08590820,2
057F072F0680,2
057F065D0533,2
057F05C00429,2
057F05260354,2
057F057602A9,2
057F05510221,2
057F04F001B4,2
057F048B015D,2
057F04EC0117,2
057F046100DF,2
057F04AB00B2,2
057F043B008E,2
057F043B0072,2
057F03C5005B,2
057F04360049,2
057F0462003A,2
057F0477002E,2
057F03F20025,2
057F0498001D,2
057F03CF0017,2
057F03F30013,2
057F0000000F,2
057F0000000C,2
057F00000009,2
057E053D0245,2
057C0621040F,2
057B0697055B,2
057907490685,2
057807900739,2
0576082B07E3,2
057408550885,2
0573084808F0,2
057108D50959,2
057107FC077A,2
0571073805FB,2
0571069A04C9,2
0571060503D4,2
057105850310,2
057104C20273,2
057104E601F5,2
057104D70191,2
057104B40141,2
0571044B0101,2
057104A900CD,2
0571046B00A4,2
057103AA0083,2
057104DA0069,2
0571049F0054,2
057103E90043,2
057104780035,2
057103E9002B,2
057104A60022,2
0571047C001B,2
057104800016,2
057103CF0011,2
05710000000E,2
05710000000B,2
057100000009,2
057100000007,2
057100000005,2
057100000004,2
057100000003,2
057100000002,2
057100000002,2
057100000001,2
057100000001,2
057100000001,2
057100000000,2
057100000000,2
057100000000,2
057100000000,2
057100000000,2
057100000000,2
057100000000,2
057100000000,2
0323039A0025,2
032303B60021,2
032303C2001E,2
032303D0001B,2
0323036C0018,2
0323039C0016,2
032303710014,2
032303A40012,2
032300000010,2
03230000000E,2
03230000000D,2
03230000000B,2
03230000000A,2
032300000009,2
032300000008,2
032300000007,2
032300000006,2
032300000006,2
032300000005,2
032300000005,2
032300000004,2
032300000004,2
032300000003,2
032300000003,2
032300000003,2
032300000002,2
032300000002,2
032300000002,2
032300000001,2
032300000001,2
032300000001,2
032300000001,2
032300000001,2
032004980198,2
031F05200317,2
031D05AC047D,2
031B06AE05BD,2
0319074306E1,2
031707C607E3,2
0315084708B9,2
031308A808FE,2
03120895091C,2
031108A70947,2
030F08ED094F,2
030E089B0973,2
030D0870090C,2
030D080B08AC,2
030C08670859,2
030B0824080F,2
030A082C07CF,2
030A07D80790,2
030907760758,2
030807950729,2
030807AA06FF,2
0307073606D7,2
0306076B06B1,2
03060756068F,2
0305070F0675,2
03040730065D,2
0304071C0644,2
0304069105A4,2
030406540513,2
030406390491,2
030405C4041C,2
030405DB03B3,2
030405620354,2
030304EA038B,2
0302057003BA,2
0302058E03E6,2
0302051A0382,2
030205720328,2
0302051E02D8,2
03020505028F,2
030204D2024D,2
030204850212,2
0302049401DD,2
0302048B01AD,2
0302049D0182,2
0302042B015C,2
030204340139,2
0302040F011A,2
0302041100FD,2
0302041400E4,2
030203FC00CD,2
030203F500B9,2
030203EE00A6,2
030203B30095,2
0302042C0086,2
030203FE0079,2
030203CB006D,2
0302039C0062,2
030204300058,2
030203B2004F,2
030004010154,2
02FF052C023B,2
02FD0578031F,2
02FC05FA03EF,2
02FA061C04B4,2
02F906440553,2
02F806AC05EF,2
02F606ED065E,2
02F5077106D3,2
02F30773074A,2
02F207B307AA,2
02F107EF07E9,2
02EF07C60835,2
02EE07F5087B,2
02EC085508B6,2
02EC07D307D7,2
02EC06FD070E,2
02EC0749065A,2
02EC068305B7,2
02EC061D0525,2
02EC062704A1,2
02EC05F6042A,2
02EC05B603C0,2
02EC05610360,2
02EC054C0309,2
02EC053602BC,2
02EC04AE0276,2
02EC04660237,2
02EC04DD01FE,2
02EC049201CB,2
02EC0494019D,2
02EC048C0174,2
02EC0457014E,2
02EC043F012D,2
02EC03F6010F,2
02EC03F800F4,2
02EC03D200DB,2
02EC041D00C5,2
02EC040B00B1,2
02EC043B00A0,2
02EC03E40090,2
02EC03BD0081,2
02EC03A00074,2
02EC03F80069,2
02EC03B3005E,2
02EC04310055,2
02EC0365004C,2
02EC03710044,2
02EC03B2003E,2
02EC037F0037,2
02EC03980032,2
02EC03A2002D,2
02EC03870028,2
02EC03970024,2
02EC03750020,2
02EC0362001D,2
02EC0361001A,2
02EC03C30018,2
02EC038F0015,2
02EC03690013,2
02EC032B0011,2
02EC0000000F,2
02EC0000000E,2
02EC0000000C,2
02EC0000000B,2
02EC0000000A,2
02EC00000009,2
02EC00000008,2
02EC00000007,2
02EC00000006,2
02EC00000006,2
02EC00000005,2
02EC00000004,2
02EC00000004,2
02EC00000004,2
02EC00000003,2
02EC00000003,2
02EC00000002,2
02EC00000002,2
02EC00000002,2
02EC00000002,2
03EF00000001,2
03EF00000001,2
03EF00000001,2
03EE03F80128,2
03EC04BD0217,2
03EB052A02DC,2
03EA0584039A,2
03E8060D0444,2
03E7067204F7,2
03E506D0058C,2
03E406C4061D,2
03E2073D0697,2
03E107CD0713,2
03E0079A0780,2
03DE081B07EA,2
03DE07E007A7,2
03DD075E0770,2
03DC073F0740,2
03DC075B0713,2
03DB071306E8,2
03DA078F06C3,2
03DA06D806A0,2
03D9070A067A,2
03D806E4065F,2
03D807370649,2
03D706DE0632,2
03D60699061D,2
03D606BC0609,2
03D506E005FD,2
03D406D805F3,2
03D40642055B,2
03D405FE04D2,2
03D405DE0456,2
03D4055503E7,2
03D405A70383,2
03D4053D0329,2
03D4058F0366,2
03D3056A039B,2
03D205D403CB,2
03D2056D0369,2
03D205290312,2
03D2051B02C3,2
03D204C7027D,2
03D204E8023D,2
03D204AC0204,2
03D2046701D0,2
03D2043C01A2,2
03D204B50178,2
03D204180152,2
03D204340130,2
03D204140112,2
03D2041200F6,2
03D2041E00DE,2
03D203FC00C7,2
03D203D200B3,2
03D203BB00A1,2
03D203AA0091,2
03D2040A0083,2
03D203C60076,2
03D2039C006A,2
03D203B3005F,2
03D203840056,2
03D203D6004D,2
03D10458015F,2
03D004EC0247,2
03CE04CE031F,2
03CD05E103DF,2
03CB06480497,2
03CA0674053F,2
03C9069405C7,2
03C706EE0656,2
03C6076E06CD,2
03C407720736,2
03C307A30795,2
03C207D307E4,2
03C007C9082C,2
03BF084E087A,2
03BE085408A9,2
03BE07D007CB,2
03BE07130703,2
03BE07090650,2
03BE066405AE,2
03BE0632051D,2
03BE0626049A,2
03BE05B00424,2
03BE059F03BA,2
03BE0550035B,2
03BE05280305,2
03BE056B02B7,2
03BE04A10272,2
03BE04E10233,2
03BE04BE01FB,2
03BE045401C8,2
03BE046F019A,2
03BE048D0171,2
03BE040F014C,2
03BE045A012B,2
03BE042D010D,2
03BE040B00F2,2
03BE03A300DA,2
03BE03E300C4,2
03BE03F500B0,2
03BE039C009F,2
03BE03B8008F,2
03BE03D30080,2
03BE03BB0074,2
03BE03E40068,2
03BE03B0005D,2
03BE038A0054,2
03BE039E004C,2
03BE03A80044,2
03BE03AF003D,2
03BE039D0037,2
03BE03CB0031,2
03BE0383002C,2
03BE03630028,2
03BE03B10024,2
03BE03EE0020,2
03BE039E001D,2
03BE03AD001A,2
03BE03960017,2
03BE03B40015,2
03BE03870013,2
03BE03480011,2
03BE0000000F,2
03BE0000000E,2
03BE0000000C,2
03BE0000000B,2
03BE0000000A,2
03BE00000009,2
03BE00000008,2
03BE00000007,2
03BE00000006,2
03BE00000006,2
03BE00000005,2
03BE00000004,2
03BE00000004,2
03BE00000003,2
03BE00000003,2
03BE00000003,2
03BE00000002,2
03BE00000002,2
03BE00000002,2
03BE00000002,2
03BE00000001,2
03BE00000001,2
03BE00000001,2
03BC0424011C,2
03BB05050217,2
03B9055E02FA,2
03B8057B03B7,2
03B705F40483,2
03B5062F0505,2
03B40697059F,2
03B306B1062C,2
03B1071F06A9,2
03B007A5071F,2
03AE07890772,2
03AD07D507CE,2
03AC079B078E,2
03AB07BF0759,2
03AB07B20728,2
03AA072206F9,2
03A9077606CD,2
03A9073A06A8,2
03A8075D068C,2
03A7071E066F,2
03A7071E0657,2
03A607550642,2
03A506C9062B,2
03A506F10617,2
03A407030604,2
03A306B105F2,2
03A306BF05E6,2
03A30649054F,2
03A3062904C7,2
03A305FD044D,2
03A305D503DF,2
03A305CD037C,2
03A305420322,2
03A20561035F,2
03A105BD0393,2
03A1054103C2,2
03A105A60361,2
03A1052E030B,2
03A1054E02BD,2
03A105090277,2
03A1048A0238,2
03A1045601FF,2
03A104A301CC,2
03A104DD019E,2
03A1046B0174,2
03A1046C014F,2
03A103F3012D,2
03A10439010F,2
03A103D600F4,2
03A1041500DC,2
03A1041C00C6,2
03A103FF00B2,2
03A103AE00A0,2
03A103A10090,2
03A104050081,2
03A103B10074,2
03A103830069,2
03A103D2005E,2
033B03CB0055,2
02A30368004C,2
02A200000151,2
02A00000024F,2
029F05800332,2
029E05D803FA,2
029C05E104AF,2
029B06490554,2
029A06A405E0,2
029807090663,2
0297073706D5,2
029607A10727,2
029407990788,2
029307EB07D9,2
0292080F0831,2
029008330873,2
028F089508BA,2
028F078E07DA,2
028F07100711,2
028F070A065C,2
028F068A05B9,2
028F064A0527,2
028F065104A3,2
028F05C4042C,2
028F059503C1,2
028F058D0361,2
028F0556030B,2
028F04BB02BD,2
028F04F20277,2
028F04FA0237,2
028F04BD01FF,2
028F04B201CC,2
028F0455019E,2
028F04580174,2
028F04A3014F,2
028F0443012D,2
028F041B010F,2
028F03EE00F4,2
028F041F00DC,2
028F03DD00C6,2
028F03DD00B2,2
028F03C900A0,2
028F03F50090,2
028F038F0081,2
028F03920074,2
028F03E30069,2
028F03BE005E,2
028F03B80055,2
028F03A4004C,2
028F03F50045,2
028F0395003E,2
028F03690037,2
028F03D90032,2
028F0382002D,2
028F03B30028,2
028F03AE0024,2
028F04030021,2
028F03C5001D,2
028F0377001A,2
028F03880018,2
028F03740015,2
028F03B00013,2
028F03A90011,2
028F0000000F,2
028F0000000E,2
028F0000000C,2
028F0000000B,2
028F0000000A,2
028F00000009,2
028F00000008,2
028F00000007,2
028F00000006,2
028F00000006,2
028F00000005,2
028F00000004,2
028F00000004,2
028F00000004,2
028F00000003,2
028F00000003,2
028F00000002,2
028F00000002,2
028F00000002,2
028F00000002,2
028F00000001,2
028F00000001,2
028F00000001,2
028E04330123,2
028C04740215,2
028B055A02EC,2
028A05A503AB,2
028805E0046B,2
02870679050A,2
028506B70594,2
028406A1061E,2
0283072806A9,2
028107BA0709,2
0280077B0766,2
027E075407B1,2
027E07F90778,2
027D07950740,2
027C0762070E,2
027C06E406E6,2
027B073C06C5,2
027A071706A2,2
027A06AB0683,2
027906FA0668,2
027806F10650,2
027806BE063E,2
027706EA0627,2
027606E50613,2
027606970601,2
027506C605F6,2
0274072C05E9,2
027406080551,2
0274065904C9,2
027405E0044F,2
0274055B03E0,2
027405C7037D,2
027405250324,2
0274057C0360,2
027305840397,2
0272057503C5,2
0272057D0364,2
02720567030D,2
0272052602BF,2
027205100279,2
027204C00239,2
027204BB0200,2
0272049201CD,2
02720475019F,2
0272041A0175,2
027203CE0150,2
02720419012E,2
027204460110,2
027203D600F5,2
0272041500DC,2
027203E600C6,2
0272041700B2,2
0272040000A0,2
0272040E0090,2
027203D90082,2
027203C50075,2
0272040D0069,2
027203DC005F,2
027203840055,2
027203BA004C,2
0271044C0165,2
027004D6025F,2
026E0585034D,2
026D059C041A,2
026B060004B6,2
026A0650055F,2
026906D205EC,2
02670741067A,2
026607770707,2
02650780075E,2
026307D507A5,2
026207AD0810,2
026107DC085E,2
025F085A0895,2
025E085908D6,2
025E080707F4,2
025E07800728,2
025E06EB0671,2
025E069305CC,2
025E06770537,2
025E061404B2,2
025E0602043A,2
025E054503CD,2
025E04E9036C,2
025E05280314,2
025E04EA02C5,2
025E04DF027E,2
025E0496023F,2
025E04550205,2
025E04A101D1,2
025E044101A3,2
025E047B0179,2
025E04440153,2
025E04300131,2
025E040C0113,2
025E041500F7,2
025E03AC00DE,2
025E042800C8,2
025E040200B4,2
025E038100A2,2
025E044C0092,2
025E03FC0083,2
025E03C80076,2
025E03D2006A,2
025E0395005F,2
025E04280056,2
025E0369004D,2
025E03A10045,2
025E0368003E,2
025E03900038,2
025E03BD0032,2
025E039F002D,2
025E03E20029,2
025E03AA0025,2
025E037A0021,2
025E0375001E,2
025E03B6001B,2
025E03E80018,2
025E04140015,2
025E03950013,2
025E03370011,2
025E0000000F,2
025E0000000E,2
025E0000000C,2
025E0000000B,2
025E0000000A,2
025E00000009,2
025E00000008,2
025E00000007,2
025E00000006,2
025E00000006,2
025E00000005,2
025E00000005,2
025E00000004,2
025E00000004,2
025E00000003,2
025E00000003,2
025E00000002,2
025E00000002,2
025E00000002,2
025E00000002,2
025E00000001,2
025E00000001,2
025E00000001,2
025E00000001,2
025E00000001,2
025E00000001,2
025E00000001,2
025E00000000,2
025E00000000,2
025E00000000,2
025E00000000,2
025E00000000,2
025E00000000,2
025E00000000,2
025E00000000,2
025E00000000,2
025E00000000,2
025E00000000,2
025E00000000,2
025E00000000,2
025E00000000,2
025E00000000,2
025E00000000,2
025E00000000,2
025E00000000,2
025E00000000,2
025E00000000,2
025E00000000,2
025E00000000,2
025E00000000,2
025E00000000,2
025E00000000,2
025E00000000,2
025E00000000,2
025E00000000,2
025E00000000,2
025E00000000,2
025E00000000,2
025E00000000,2
025E00000000,2
025E00000000,2
025E00000000,2
025E00000000,2
025E00000000,2
025E00000000,2
025E00000000,2
025E00000000,2
025E00000000,2
025E00000000,2
025E00000000,2
025E00000000,2
025E00000000,2
025E00000000,2
025E00000000,2
025E00000000,2
025E00000000,2
025E00000000,2
025E00000000,2
025E00000000,2
025E00000000,2
025E00000000,2
025E00000000,2
025E00000000,2
025E00000000,2
025E00000000,2
025E00000000,2
025E00000000,2
025E00000000,2
025E00000000,2
025E00000000,2
025E00000000,2
025E00000000,2
025E00000000,2
025E00000000,2
025E00000000,2
025E00000000,2
025E00000000,2
025E00000000,2
025E00000000,2
025E00000000,2
025E00000000,2
025E00000000,2
025E00000000,2
025E00000000,2
025E00000000,2
025E00000000,2
025E00000000,2
025E00000000,2
025E00000000,2
025E00000000,2
025E00000000,2
025E00000000,2
025E00000000,2
025E00000000,2
025E00000000,2
025E00000000,2
025E00000000,2
025E00000000,2
025E00000000,2
025E00000000,2
025E00000000,2
025E00000000,2
025E00000000,2
025E00000000,2
01F600000000,2
015F00000000,2
015F00000000,2
015F00000000,2
015F00000000,2
015F00000000,2
015F00000000,2
015F00000000,2
015F00000000,2
015F00000000,2
015F00000000,2
015F00000000,2
015F00000000,2
015F00000000,2
015F00000000,2
015F00000000,2
015F00000000,2
015F00000000,2
015F00000000,2
015F00000000,2
015F00000000,2
015F00000000,2
015F00000000,2
015F00000000,2
015F00000000,2
015F00000000,2
015F00000000,2
015F00000000,2
015F00000000,2
015F00000000,2
015F00000000,2
015F00000000,2
015F00000000,2
015F00000000,2
015F00000000,2
015F00000000,2
015F00000000,2
015F00000000,2
015F00000000,2
015F00000000,2
015F00000000,2
015F00000000,2
015F00000000,2
015F00000000,2
015F00000000,2
015F00000000,2
015F00000000,2
015F00000000,2
015F00000000,2
015F00000000,2
015F00000000,2
015F00000000,2
015F00000000,2
015F00000000,2
015F00000000,2
015F00000000,2
015F00000000,2
015F00000000,2
015F00000000,2
015F00000000,2
015F00000000,2
015F00000000,2
015F00000000,2
015F00000000,2
015E03FF0121,2
015D0499021B,2
015B04EF02FD,2
015A056503D0,2
015905CA047F,2
015706370522,2
0156069105B7,2
015406880636,2
0153077406B0,2
01520725070E,2
015007B8077D,2
014F07BF07D7,2
014E0798079E,2
014E0787075F,2
014D078F072C,2
014D07610675,2
014D06BC05CF,2
014D0687053B,2
014D062904B5,2
014D05D8043C,2
014D05AB03D0,2
014D05AD036E,2
014D05350316,2
014D04FA02C7,2
014D047E0280,2
014D04D20240,2
014D04740206,2
014D048901D2,2
014D040801A4,2
014D0451017A,2
014D043C0154,2
014D042A0132,2
014D03FC0113,2
014D046400F8,2
014D03F300DF,2
014D03F900C8,2
014D040B00B4,2
014D039800A2,2
014D03800092,2
014D03AD0083,2
014D03DF0076,2
014D03C1006A,2
014C046B017E,2
014A04E30268,2
0149054B0342,2
0148057603FE,2
0146062804AA,2
0145062B053F,2
014505FF04B9,2
0145061C0440,2
0145057103D3,2
014505AF0371,2
014505720319,2
014504A702C9,2
014505070282,2
014504660242,2
0145049D0208,2
0145045A01D4,2
0145042D01A5,2
0145045E017B,2
014504490155,2
014503FF0133,2
014504140114,2
014503C000F8,2
0145042500E0,2
014503F300C9,2
014503D400B5,2
014503C500A3,2
0145039A0092,2
014503E30084,2
014503D00077,2
014503AB006B,2
014503D40060,2
014503540056,2
0145039A004E,2
014503BD0046,2
0145039A003F,2
014503930038,2
014503BB0033,2
014503C3002E,2
014503530029,2
014503960025,2
014503A40021,2
014503BA001E,2
01450367001B,2
014503BC0018,2
014503E30016,2
014503D60013,2
014503590011,2
014500000010,2
01450000000E,2
01450000000D,2
01450000000B,2
01450000000A,2
014500000009,2
014500000008,2
014500000007,2
014500000006,2
014500000006,2
014500000005,2
014500000005,2
014500000004,2
014500000004,2
014500000003,2
014500000003,2
014500000002,2
014500000002,2
014500000002,2
014500000002,2
014500000001,2
014500000001,2
014500000001,2
014500000001,2
014500000001,2
014500000001,2
014500000001,2
014500000000,2
014500000000,2
014500000000,2
014500000000,2
014500000000,2
014500000000,2
014500000000,2
014500000000,2
014500000000,2
014500000000,2
014500000000,2
014500000000,2
014500000000,2
014500000000,2
014500000000,2
014500000000,2
014500000000,2
014500000000,2
014500000000,2
014500000000,2
014500000000,2
014500000000,2
014500000000,2
03BD00000000,2
03BD00000000,2
03BD00000000,2
03BD00000000,2
03BD00000000,2
03BD00000000,2
03BD00000000,2
03BD000004D1,2
045A001C04D1,2
04F8003C04D1,2
0596005C04D1,2
0633007C04D1,2
06D1009C04D1,2
076F00BC04E3,2
076F01E004E3,2
076F030504E3,2
076F04290AFC,2
076F054E0AFC,2
076F06730AFC,2
076F07970AFC,2
076907980AFC,2
076307990AFC,2
075E079A0AFC,2
0758079B0AFC,2
0753079C0AFC,2
074D079D0B06,2
0745078F0B06,2
073D07810B06,2
073607730B06,2
072E07650B06,2
072607570B06,2
071E07490B0D,2
071807440B0D,2
071107400B0D,2
070A073C0B0D,2
070407380B0D,2
06FD07340B0D,2
06F7072F0B0D,2
06F1072D0B0D,2
06EA072B0B0D,2
06E407290B0D,2
06DE07270B0D,2
06D807250B0D,2
06D107230B0D,2
06CB07210B0D,2
06C507200B0D,2
06BF071E0B0D,2
06B8071D0B0D,2
06B2071B0B0D,2
06AC07190B0D,2
06A507190B0D,2
069E07180B0D,2
069707180B0D,2
069007170B0D,2
068907170B0D,2
068307160B10,2
067B07140B10,2
067307120B10,2
066B07100B10,2
0663070E0B10,2
065C070C0B10,2
0654070A0B0D,2
065400000000,2
065400000000,2
065400000000,2
065400000000,2
065400000000,2
065400000000,2
065400000000,2
065400000000,2
065400000000,2
065400000000,2
065400000000,2
065400000000,2
065400000000,2
065400000000,2
065400000000,2
065400000000,2
065400000000,2
065400000000,2
065400000000,2
065400000000,2
065400000000,2
065400000000,2
065400000000,2
065400000000,2
065400000000,2
065400000000,2
065400000000,2
065400000000,2
065400000000,2
065400000000,2
065400000000,2
065400000000,2
065400000000,2
